{
  "models": {
    "logistic_regression": {
      "class": "LogisticRegression",
      "grid_search": {
        "best_params": {
          "C": 0.1,
          "class_weight": "balanced",
          "max_iter": 1000,
          "random_state": 42,
          "solver": "lbfgs"
        },
        "best_cv_f1": 0.678,
        "cv_folds": 5,
        "cv_scoring": "f1_macro",
        "training_time_s": 3.4
      },
      "cv_report": {
        "accuracy": {
          "mean": 0.6781,
          "std": 0.0067,
          "values": [
            0.6709,
            0.6731,
            0.674,
            0.6861,
            0.6861
          ]
        },
        "precision": {
          "mean": 0.6781,
          "std": 0.0067,
          "values": [
            0.6709,
            0.6732,
            0.674,
            0.6862,
            0.6862
          ]
        },
        "recall": {
          "mean": 0.6781,
          "std": 0.0067,
          "values": [
            0.6709,
            0.6731,
            0.674,
            0.6861,
            0.6861
          ]
        },
        "f1": {
          "mean": 0.678,
          "std": 0.0067,
          "values": [
            0.6709,
            0.6731,
            0.6739,
            0.6861,
            0.6861
          ]
        },
        "roc_auc": {
          "mean": 0.7269,
          "std": 0.011,
          "values": [
            0.7144,
            0.7218,
            0.7185,
            0.7423,
            0.7374
          ]
        }
      },
      "test_metrics": {
        "accuracy": 0.6716,
        "precision": 0.5373,
        "recall": 0.6885,
        "f1": 0.482,
        "roc_auc": 0.734,
        "pr_auc": 0.1135,
        "per_class": {
          "Healthy": {
            "precision": 0.9788321167883212,
            "recall": 0.6698301698301699,
            "f1-score": 0.7953736654804271,
            "support": 2002.0
          },
          "Distressed": {
            "precision": 0.09575923392612859,
            "recall": 0.7070707070707071,
            "f1-score": 0.1686746987951807,
            "support": 99.0
          },
          "accuracy": 0.6715849595430747,
          "macro avg": {
            "precision": 0.5372956753572249,
            "recall": 0.6884504384504384,
            "f1-score": 0.4820241821378039,
            "support": 2101.0
          },
          "weighted avg": {
            "precision": 0.9372213526743959,
            "recall": 0.6715849595430747,
            "f1-score": 0.7658433476785045,
            "support": 2101.0
          }
        },
        "confusion_matrix": {
          "tn": 1341,
          "fp": 661,
          "fn": 29,
          "tp": 70
        },
        "n_test_samples": 2101,
        "n_distressed": 99,
        "n_healthy": 2002
      }
    },
    "random_forest": {
      "class": "RandomForestClassifier",
      "grid_search": {
        "best_params": {
          "class_weight": "balanced",
          "max_depth": null,
          "min_samples_split": 2,
          "n_estimators": 200,
          "n_jobs": -1,
          "random_state": 42
        },
        "best_cv_f1": 0.9491,
        "cv_folds": 5,
        "cv_scoring": "f1_macro",
        "training_time_s": 117.9
      },
      "cv_report": {
        "accuracy": {
          "mean": 0.9492,
          "std": 0.0042,
          "values": [
            0.9457,
            0.9482,
            0.945,
            0.9566,
            0.9503
          ]
        },
        "precision": {
          "mean": 0.9497,
          "std": 0.0041,
          "values": [
            0.946,
            0.9487,
            0.9458,
            0.9571,
            0.9509
          ]
        },
        "recall": {
          "mean": 0.9492,
          "std": 0.0042,
          "values": [
            0.9457,
            0.9482,
            0.945,
            0.9566,
            0.9503
          ]
        },
        "f1": {
          "mean": 0.9491,
          "std": 0.0042,
          "values": [
            0.9457,
            0.9482,
            0.945,
            0.9566,
            0.9503
          ]
        },
        "roc_auc": {
          "mean": 0.9898,
          "std": 0.0017,
          "values": [
            0.9876,
            0.9915,
            0.9879,
            0.9905,
            0.9913
          ]
        }
      },
      "test_metrics": {
        "accuracy": 0.91,
        "precision": 0.5867,
        "recall": 0.6311,
        "f1": 0.6026,
        "roc_auc": 0.8056,
        "pr_auc": 0.2388,
        "per_class": {
          "Healthy": {
            "precision": 0.965588084232152,
            "recall": 0.939060939060939,
            "f1-score": 0.9521397822233477,
            "support": 2002.0
          },
          "Distressed": {
            "precision": 0.2077922077922078,
            "recall": 0.32323232323232326,
            "f1-score": 0.25296442687747034,
            "support": 99.0
          },
          "accuracy": 0.9100428367444074,
          "macro avg": {
            "precision": 0.58669014601218,
            "recall": 0.6311466311466312,
            "f1-score": 0.602552104550409,
            "support": 2101.0
          },
          "weighted avg": {
            "precision": 0.9298804251328877,
            "recall": 0.9100428367444074,
            "f1-score": 0.9191943466311335,
            "support": 2101.0
          }
        },
        "confusion_matrix": {
          "tn": 1880,
          "fp": 122,
          "fn": 67,
          "tp": 32
        },
        "n_test_samples": 2101,
        "n_distressed": 99,
        "n_healthy": 2002
      }
    }
  },
  "feature_names": [
    "current_ratio",
    "quick_ratio",
    "cash_ratio",
    "debt_to_equity",
    "debt_to_assets",
    "interest_coverage",
    "net_profit_margin",
    "return_on_assets",
    "return_on_equity",
    "asset_turnover"
  ]
}