{
  "interest_coverage": 0.099379,
  "net_profit_margin": 0.080645,
  "quick_ratio": 0.06758,
  "debt_to_equity": 0.036876,
  "return_on_assets": 0.033761,
  "debt_to_assets": 0.03359,
  "asset_turnover": 0.031255,
  "current_ratio": 0.02632,
  "cash_ratio": 0.025598,
  "return_on_equity": 0.016729
}